{"info":{"_postman_id":"be041448-9ef5-466b-a6d8-e76dfe040a13","name":"Api platform","schema":"https://schema.getpostman.com/json/collection/v2.1.0/collection.json"},"item":[{"name":"GET customers","id":"3c15b12c-5266-4bf1-a507-6da8d091f8b8","protocolProfileBehavior":{"disableBodyPruning":true,"disabledSystemHeaders":{"accept":true}},"request":{"auth":{"type":"bearer","bearer":[{"key":"token","value":"{{authToken}}","type":"string"}]},"method":"GET","header":[{"key":"Accept","value":"application/ld+json","type":"text"}],"url":{"raw":"{{url}}/api/customers","host":["{{url}}"],"path":["api","customers"]}},"response":[]},{"name":"GET customers + filters","id":"786768ef-63f3-4057-bde5-d3ff2595e6e3","protocolProfileBehavior":{"disableBodyPruning":true},"request":{"auth":{"type":"bearer","bearer":[{"key":"token","value":"{{authToken}}","type":"string"}]},"method":"GET","header":[],"url":{"raw":"{{url}}/api/customers?lastName=al&order[lastName]=desc","host":["{{url}}"],"path":["api","customers"],"query":[{"key":"lastName","value":"al"},{"key":"order[lastName]","value":"desc"}]}},"response":[]},{"name":"GET customers invoices","id":"3aeb1058-f130-4ec0-9f84-9740009603d1","protocolProfileBehavior":{"disableBodyPruning":true},"request":{"auth":{"type":"bearer","bearer":[{"key":"token","value":"{{authToken}}","type":"string"}]},"method":"GET","header":[],"url":{"raw":"{{url}}/api/customers/241/facts","host":["{{url}}"],"path":["api","customers","241","facts"]}},"response":[]},{"name":"GET invoices","id":"da44ac90-2c7e-4d77-826e-8b20a15dd0bf","protocolProfileBehavior":{"disableBodyPruning":true},"request":{"auth":{"type":"bearer","bearer":[{"key":"token","value":"{{authToken}}","type":"string"}]},"method":"GET","header":[],"url":{"raw":"{{url}}/api/invoices","host":["{{url}}"],"path":["api","invoices"]}},"response":[]},{"name":"GET users","id":"cb32b908-3142-41cc-b33d-e22ba4f7c1d4","protocolProfileBehavior":{"disableBodyPruning":true},"request":{"auth":{"type":"bearer","bearer":[{"key":"token","value":"{{authToken}}","type":"string"}]},"method":"GET","header":[],"url":{"raw":"{{url}}/api/users","host":["{{url}}"],"path":["api","users"]}},"response":[]},{"name":"POST invoice increment","id":"fdef6cb7-b32a-44c8-9d7b-e20dd92319e3","protocolProfileBehavior":{"disableBodyPruning":true},"request":{"auth":{"type":"bearer","bearer":[{"key":"token","value":"{{authToken}}","type":"string"}]},"method":"POST","header":[],"body":{"mode":"raw","raw":"{}","options":{"raw":{"language":"json"}}},"url":{"raw":"{{url}}/api/invoices/1114/increment","host":["{{url}}"],"path":["api","invoices","1114","increment"]}},"response":[]},{"name":"POST customer","id":"927c231a-5a00-46d0-a6f2-e350fd84403c","protocolProfileBehavior":{"disableBodyPruning":true},"request":{"auth":{"type":"bearer","bearer":[{"key":"token","value":"{{authToken}}","type":"string"}]},"method":"POST","header":[],"body":{"mode":"raw","raw":"{\n    \"firstName\":\"John\",\n    \"lastName\":\"Doe\",\n    \"email\":\"john.doe@api.com\",\n    \"company\":\"tagada\"\n}","options":{"raw":{"language":"json"}}},"url":{"raw":"{{url}}/api/customers","host":["{{url}}"],"path":["api","customers"]}},"response":[]},{"name":"POST invoice","id":"026ec2b3-c9c5-4362-a0a4-642f41e86816","protocolProfileBehavior":{"disableBodyPruning":true},"request":{"auth":{"type":"bearer","bearer":[{"key":"token","value":"{{authToken}}","type":"string"}]},"method":"POST","header":[],"body":{"mode":"raw","raw":"{\n    \"amount\":500,\n    \"status\":\"SENT\",\n    \"customer\":\"/api/customers/319\"\n}","options":{"raw":{"language":"json"}}},"url":{"raw":"{{url}}/api/invoices","host":["{{url}}"],"path":["api","invoices"]}},"response":[]},{"name":"POST user","id":"05c30fc6-0578-4bf7-908c-dfbf31a65326","protocolProfileBehavior":{"disableBodyPruning":true},"request":{"method":"POST","header":[],"body":{"mode":"raw","raw":"{\n    \"firstName\":\"john\",\n    \"lastName\":\"doe\",\n    \"email\":\"john.doe+01@api.com\",\n    \"password\":\"password\"\n}","options":{"raw":{"language":"json"}}},"url":{"raw":"{{url}}/api/users","host":["{{url}}"],"path":["api","users"]}},"response":[]},{"name":"POST login","event":[{"listen":"test","script":{"id":"88e94743-4d1c-4aa2-ab18-fc8806008b6f","exec":["var jsonData = pm.response.json();","pm.environment.set(\"authToken\", jsonData.token);",""],"type":"text/javascript"}}],"id":"84e1e2c3-abc7-45e0-9ecc-3fb958fca369","protocolProfileBehavior":{"disableBodyPruning":true},"request":{"auth":{"type":"bearer","bearer":[{"key":"token","value":"{{authToken}}","type":"string"}]},"method":"POST","header":[],"body":{"mode":"raw","raw":"{\n    \"username\":\"john.doe+01@api.com\",\n    \"password\":\"password\"\n}","options":{"raw":{"language":"json"}}},"url":{"raw":"{{url}}/api/login_check","host":["{{url}}"],"path":["api","login_check"]}},"response":[]},{"name":"GET dependencies","id":"3300f378-3dd3-43b9-868b-aa2ff58e17ba","protocolProfileBehavior":{"disableBodyPruning":true},"request":{"method":"GET","header":[],"body":{"mode":"raw","raw":"{}","options":{"raw":{"language":"json"}}},"url":{"raw":"{{url}}/api/dependencies","host":["{{url}}"],"path":["api","dependencies"]}},"response":[]},{"name":"GET dependency","id":"2bb724d4-c44d-4836-a81a-d83d4d92b506","protocolProfileBehavior":{"disableBodyPruning":true},"request":{"method":"GET","header":[],"body":{"mode":"raw","raw":"{}","options":{"raw":{"language":"json"}}},"url":{"raw":"{{url}}/api/dependencies/da5b8893-d6ca-5c1c-9a9c-91f40a2a3649","host":["{{url}}"],"path":["api","dependencies","da5b8893-d6ca-5c1c-9a9c-91f40a2a3649"]}},"response":[]},{"name":"POST dependency","id":"8f5800dd-3e24-4b24-99c9-0a19740dfad1","protocolProfileBehavior":{"disableBodyPruning":true},"request":{"method":"POST","header":[],"body":{"mode":"raw","raw":"{\n    \"name\": \"test\",\n    \"version\": \"1.0.0\"\n}","options":{"raw":{"language":"json"}}},"url":{"raw":"{{url}}/api/dependencies","host":["{{url}}"],"path":["api","dependencies"]}},"response":[]},{"name":"PUT dependency","id":"4b1211de-bb4c-433f-b0cb-b0b8a4361ba8","protocolProfileBehavior":{"disableBodyPruning":true},"request":{"method":"PUT","header":[],"body":{"mode":"raw","raw":"{\n    \"name\": \"test\",\n    \"version\": \"1.0.x\"\n}","options":{"raw":{"language":"json"}}},"url":{"raw":"{{url}}/api/dependencies/da5b8893-d6ca-5c1c-9a9c-91f40a2a3649","host":["{{url}}"],"path":["api","dependencies","da5b8893-d6ca-5c1c-9a9c-91f40a2a3649"]}},"response":[]},{"name":"DELETE dependency","id":"d2586946-179a-4eaf-8e9e-81d5c51e97c5","protocolProfileBehavior":{"disableBodyPruning":true},"request":{"method":"DELETE","header":[],"body":{"mode":"raw","raw":"{}","options":{"raw":{"language":"json"}}},"url":{"raw":"{{url}}/api/dependencies/da5b8893-d6ca-5c1c-9a9c-91f40a2a3649","host":["{{url}}"],"path":["api","dependencies","da5b8893-d6ca-5c1c-9a9c-91f40a2a3649"]}},"response":[]}]}